
INSERT INTO `member` (`member_name`, `member_email`, `password`, `phonenum`, `birthdate`, `gender`, `member_profile_image_url`) VALUES
('Alice', 'alice1@example.com', 'password1', '010-1111-1111', '1990-01-01 00:00:00', 'Female', 'http://example.com/image1'),
('Bob', 'bob2@example.com', 'password2', '010-2222-2222', '1985-02-02 00:00:00', 'Male', 'http://example.com/image2'),
('Charlie', 'charlie3@example.com', 'password3', '010-3333-3333', '1992-03-03 00:00:00', 'Male', 'http://example.com/image3'),
('David', 'david4@example.com', 'password4', '010-4444-4444', '1988-04-04 00:00:00', 'Male', 'http://example.com/image4'),
('Eva', 'eva5@example.com', 'password5', '010-5555-5555', '1995-05-05 00:00:00', 'Female', 'http://example.com/image5'),
('Frank', 'frank6@example.com', 'password6', '010-6666-6666', '1980-06-06 00:00:00', 'Male', 'http://example.com/image6'),
('Grace', 'grace7@example.com', 'password7', '010-7777-7777', '1991-07-07 00:00:00', 'Female', 'http://example.com/image7'),
('Hank', 'hank8@example.com', 'password8', '010-8888-8888', '1987-08-08 00:00:00', 'Male', 'http://example.com/image8'),
('Ivy', 'ivy9@example.com', 'password9', '010-9999-9999', '1993-09-09 00:00:00', 'Female', 'http://example.com/image9'),
('Jack', 'jack10@example.com', 'password10', '010-1010-1010', '1989-10-10 00:00:00', 'Male', 'http://example.com/image10'),
('Kate', 'kate11@example.com', 'password11', '010-1112-1112', '1994-11-11 00:00:00', 'Female', 'http://example.com/image11'),
('Leo', 'leo12@example.com', 'password12', '010-1212-1212', '1986-12-12 00:00:00', 'Male', 'http://example.com/image12'),
('Mona', 'mona13@example.com', 'password13', '010-1313-1313', '1996-01-13 00:00:00', 'Female', 'http://example.com/image13'),
('Nate', 'nate14@example.com', 'password14', '010-1414-1414', '1984-02-14 00:00:00', 'Male', 'http://example.com/image14'),
('Olivia', 'olivia15@example.com', 'password15', '010-1515-1515', '1997-03-15 00:00:00', 'Female', 'http://example.com/image15'),
('Paul', 'paul16@example.com', 'password16', '010-1616-1616', '1983-04-16 00:00:00', 'Male', 'http://example.com/image16'),
('Quincy', 'quincy17@example.com', 'password17', '010-1717-1717', '1998-05-17 00:00:00', 'Male', 'http://example.com/image17'),
('Rachel', 'rachel18@example.com', 'password18', '010-1818-1818', '1982-06-18 00:00:00', 'Female', 'http://example.com/image18'),
('Sam', 'sam19@example.com', 'password19', '010-1919-1919', '1999-07-19 00:00:00', 'Male', 'http://example.com/image19'),
('Tina', 'tina20@example.com', 'password20', '010-2020-2020', '1981-08-20 00:00:00', 'Female', 'http://example.com/image20'),
('Uma', 'uma21@example.com', 'password21', '010-2121-2121', '2000-09-21 00:00:00', 'Female', 'http://example.com/image21'),
('Victor', 'victor22@example.com', 'password22', '010-2222-2323', '1980-10-22 00:00:00', 'Male', 'http://example.com/image22'),
('Wendy', 'wendy23@example.com', 'password23', '010-2323-2424', '2001-11-23 00:00:00', 'Female', 'http://example.com/image23'),
('Xander', 'xander24@example.com', 'password24', '010-2424-2525', '1979-12-24 00:00:00', 'Male', 'http://example.com/image24'),
('Yara', 'yara25@example.com', 'password25', '010-2525-2626', '2002-01-25 00:00:00', 'Female', 'http://example.com/image25'),
('Zack', 'zack26@example.com', 'password26', '010-2626-2727', '1978-02-26 00:00:00', 'Male', 'http://example.com/image26'),
('Ann', 'ann27@example.com', 'password27', '010-2727-2828', '2003-03-27 00:00:00', 'Female', 'http://example.com/image27'),
('Ben', 'ben28@example.com', 'password28', '010-2828-2929', '1977-04-28 00:00:00', 'Male', 'http://example.com/image28'),
('Cara', 'cara29@example.com', 'password29', '010-2929-3030', '2004-05-29 00:00:00', 'Female', 'http://example.com/image29'),
('Dean', 'dean30@example.com', 'password30', '010-3030-3131', '1976-06-30 00:00:00', 'Male', 'http://example.com/image30');


-- artist
INSERT INTO `artist` (`artist_name`, `artist_email`, `password`, `phone_num`, `artist_profile_image_url`) VALUES
('Artist One', 'artist1@example.com', 'password1', '010-1111-1111', 'http://example.com/image1'),
('Artist Two', 'artist2@example.com', 'password2', '010-1111-1112', 'http://example.com/image2'),
('Artist Three', 'artist3@example.com', 'password3', '010-1111-1113', 'http://example.com/image3'),
('Artist Four', 'artist4@example.com', 'password4', '010-1111-1114', 'http://example.com/image4'),
('Artist Five', 'artist5@example.com', 'password5', '010-1111-1115', 'http://example.com/image5'),
('Artist Six', 'artist6@example.com', 'password6', '010-1111-1116', 'http://example.com/image6'),
('Artist Seven', 'artist7@example.com', 'password7', '010-1111-1117', 'http://example.com/image7'),
('Artist Eight', 'artist8@example.com', 'password8', '010-1111-1118', 'http://example.com/image8'),
('Artist Nine', 'artist9@example.com', 'password9', '010-1111-1119', 'http://example.com/image9'),
('Artist Ten', 'artist10@example.com', 'password10', '010-1111-1120', 'http://example.com/image10'),
('Artist Eleven', 'artist11@example.com', 'password11', '010-1111-1121', 'http://example.com/image11'),
('Artist Twelve', 'artist12@example.com', 'password12', '010-1111-1122', 'http://example.com/image12'),
('Artist Thirteen', 'artist13@example.com', 'password13', '010-1111-1123', 'http://example.com/image13'),
('Artist Fourteen', 'artist14@example.com', 'password14', '010-1111-1124', 'http://example.com/image14'),
('Artist Fifteen', 'artist15@example.com', 'password15', '010-1111-1125', 'http://example.com/image15'),
('Artist Sixteen', 'artist16@example.com', 'password16', '010-1111-1126', 'http://example.com/image16'),
('Artist Seventeen', 'artist17@example.com', 'password17', '010-1111-1127', 'http://example.com/image17'),
('Artist Eighteen', 'artist18@example.com', 'password18', '010-1111-1128', 'http://example.com/image18'),
('Artist Nineteen', 'artist19@example.com', 'password19', '010-1111-1129', 'http://example.com/image19'),
('Artist Twenty', 'artist20@example.com', 'password20', '010-1111-1130', 'http://example.com/image20');


-- album_distributor
INSERT INTO album_distributor (distributor_name, distributor_email, password, distributor_num) VALUES
('Distributor One', 'distributor1@example.com', 'password1', '010-1111-1111'),
('Distributor Two', 'distributor2@example.com', 'password2', '010-1111-1112'),
('Distributor Three', 'distributor3@example.com', 'password3', '010-1111-1113'),
('Distributor Four', 'distributor4@example.com', 'password4', '010-1111-1114'),
('Distributor Five', 'distributor5@example.com', 'password5', '010-1111-1115');


-- 
INSERT INTO member_payment_method (bank_name, account_number, del_yn, member_id) VALUES
('국민은행', '1111-1111-1111-1111', 0, 1),
('신한은행', '2222-2222-2222-2222', 0, 2),
('우리은행', '3333-3333-3333-3333', 0, 3),
('하나은행', '4444-4444-4444-4444', 0, 4),
('카카오뱅크', '5555-5555-5555-5555', 0, 5),
('국민은행', '6666-6666-6666-6666', 0, 6),
('신한은행', '7777-7777-7777-7777', 0, 7),
('우리은행', '8888-8888-8888-8888', 0, 8),
('하나은행', '9999-9999-9999-9999', 0, 9),
('카카오뱅크', '1010-1010-1010-1010', 0, 10),
('국민은행', '1111-1111-1111-1112', 0, 11),
('신한은행', '2222-2222-2222-2223', 0, 12),
('우리은행', '3333-3333-3333-3334', 0, 13),
('하나은행', '4444-4444-4444-4445', 0, 14),
('카카오뱅크', '5555-5555-5555-5556', 0, 15),
('국민은행', '6666-6666-6666-6667', 0, 16),
('신한은행', '7777-7777-7777-7778', 0, 17),
('우리은행', '8888-8888-8888-8889', 0, 18),
('하나은행', '9999-9999-9999-9990', 0, 19),
('카카오뱅크', '1010-1010-1010-1020', 0, 20);


INSERT INTO member_payment_history (created_at, canceled_at, cancel_yn, member_id, payment_method_id) VALUES
('2023-01-01 10:00:00', NULL, 0, 1, 1),
('2023-01-02 11:00:00', NULL, 0, 2, 2),
('2023-01-03 12:00:00', NULL, 0, 3, 3),
('2023-01-04 13:00:00', NULL, 0, 4, 4),
('2023-01-05 14:00:00', '2023-01-06 10:00:00', 1, 5, 5),
('2023-01-06 15:00:00', NULL, 0, 6, 6),
('2023-01-07 16:00:00', '2023-01-08 11:00:00', 1, 7, 7),
('2023-01-08 17:00:00', NULL, 0, 8, 8),
('2023-01-09 18:00:00', '2023-01-10 12:00:00', 1, 9, 9),
('2023-01-10 19:00:00', NULL, 0, 10, 10),
('2023-01-11 20:00:00', NULL, 0, 11, 11),
('2023-01-12 21:00:00', NULL, 0, 12, 12),
('2023-01-13 22:00:00', NULL, 0, 13, 13),
('2023-01-14 23:00:00', '2023-01-15 13:00:00', 1, 14, 14),
('2023-01-15 09:00:00', NULL, 0, 15, 15),
('2023-01-16 08:00:00', NULL, 0, 16, 16),
('2023-01-17 07:00:00', NULL, 0, 17, 17),
('2023-01-18 06:00:00', '2023-01-19 14:00:00', 1, 18, 18),
('2023-01-19 05:00:00', NULL, 0, 19, 19),
('2023-01-20 04:00:00', NULL, 0, 20, 20);



-- playlist
INSERT INTO member_playlist (playlist_title, created_at, updated_at, playlist_thumbnail_url, del_yn, member_id) VALUES
('My Favorite Songs', '2023-01-01 10:00:00', '2023-01-01 10:00:00', 'http://example.com/thumbnail1.jpg', 0, 1),
('Workout Playlist', '2023-01-02 11:00:00', '2023-01-02 11:00:00', 'http://example.com/thumbnail2.jpg', 0, 2),
('Chill Vibes', '2023-01-03 12:00:00', '2023-01-03 12:00:00', 'http://example.com/thumbnail3.jpg', 0, 3),
('Party Hits', '2023-01-04 13:00:00', '2023-01-04 13:00:00', 'http://example.com/thumbnail4.jpg', 0, 4),
('Classic Rock', '2023-01-05 14:00:00', '2023-01-05 14:00:00', 'http://example.com/thumbnail5.jpg', 0, 5);
INSERT INTO member_playlist_detail (playlist_id, music_id) VALUES
(1, 1),
(1, 2),
(1, 3),
(1, 4),
(2, 5),
(2, 6),
(2, 7),
(2, 8),
(3, 9),
(3, 10),
(3, 11),
(3, 12),
(4, 13),
(4, 14),
(4, 15),
(4, 16),
(5, 17),
(5, 18),
(5, 19),
(5, 20);